{
    "AMZN": ["#Amazon", "#AmazonPrime", "#AWS", "#Kindle", "#AmazonWebServices", "#PrimeDay", "#eCommerce", "#OnlineShopping"],
    "MSFT": ["#Microsoft", "#Azure", "#Windows", "#Office365", "#Xbox", "#LinkedIn", "#MicrosoftTeams", "#Surface"],
    "META": ["#Meta", "#Facebook", "#MetaPlatforms", "#Instagram", "#WhatsApp", "#Oculus", "#MetaVerse", "#SocialMedia"],
    "JPM": ["#JPMorgan", "#JPMorganChase", "#ChaseBank", "#JPM", "#Banking", "#Finance", "#WallStreet", "#Investing"],
    "SLB": ["#Schlumberger", "#SLB", "#OilandGas", "#Energy", "#Drilling", "#OilfieldServices", "#OilPrice", "#Petroleum"],
    "PEP": ["#PepsiCo", "#Pepsi", "#Doritos", "#Lays", "#Gatorade", "#Tropicana", "#FritoLay", "#Snacks"],
    "KO": ["#CocaCola", "#Coke", "#CocaColaCompany", "#DietCoke", "#Sprite", "#Fanta", "#MinuteMaid", "#Beverages"],
    "HD": ["#HomeDepot", "#HD", "#DIY", "#HomeImprovement", "#Tools", "#Hardware", "#Garden", "#Renovation"],
    "LOW": ["#Lowes", "#LOW", "#HomeImprovement", "#Renovation", "#Appliances", "#Tools", "#Lumber", "#Garden"],
    "V": ["#Visa", "#V", "#VisaCard", "#Payment", "#FinancialServices"],
    "MA": ["#Mastercard", "#MA", "#MastercardCredit", "#Payment", "#FinancialServices"],
    "BAC": ["#BankOfAmerica", "#BAC", "#BoA", "#Banking", "#Finance", "#Investing", "#WallStreet"]
  }